<package>
	<id>com.dubailive.essenza162</id>
	<name>essenza162</name>
	<version>1.0.</version>
	<compatibility>
		<firmware>
			<miniOS>7.0</miniOS>
      <maxiOS>9.0+</maxiOS>
		</firmware>
	</compatibility>
	<dependencies>
		<package>com.eldwin.iwidgets</package>
	</dependencies>
	<descriptionlist>
		<description>essenza162</description>
	</descriptionlist>
	<screenshots>
		<screenshot>
			<description>essenza162</description>
			<image>ss.png</image>
		</screenshot>
	</screenshots>
	<changelog>
		<change>Initial release</change>
	</changelog>
	<links>
	</links>
</package>
