<package>
	<id>com.dubailive.buuf4</id>
	<name>buuf4</name>
	<version>1.0.</version>
	<compatibility>
		<firmware>
			<miniOS>7.0</miniOS>
      <maxiOS>9.0+</maxiOS>
		</firmware>
	</compatibility>
	<dependencies>
		<package>com.eldwin.iwidgets, com.matchstic.infostats2</package>
	</dependencies>
	<descriptionlist>
		<description>dubs iW Buuf4</description>
	</descriptionlist>
	<screenshots>
		<screenshot>
			<description>dubs iW Buuf4</description>
			<image>ss.jpg</image>
		</screenshot>
	</screenshots>
	<changelog>
		<change>Initial release</change>
	</changelog>
	<links>
		<link>
			<name>Twitter</name>
			<url>https://twitter.com/dubailive1</url>
		</link>
	</links>
</package>
